data;id_galeria;projeto;status;curtidas;visualizacoes;comentarios;url
2026-09-28;217648519;Campanha | 40 Anos Sicredi Dexis;NO AR;318;2038;11;https://www.behance.net/gallery/217648519/Campanha-40-Anos-Sicredi-Dexis
2026-09-28;177401213;Logofolio | Coleções Maria Dolores;NO AR;423;869;4;https://www.behance.net/gallery/177401213/Logofolio-Colecoes-Maria-Dolores
2026-09-28;209015361;ID. Visual + Campanha | Publifest*;NO AR;747;3694;8;https://www.behance.net/gallery/209015361/ID-Visual-Campanha-Publifest
2026-09-28;204422701;Identidade Visual | OP Real Estate;NO AR;691;3146;12;https://www.behance.net/gallery/204422701/Identidade-Visual-OP-Real-Estate
2026-09-28;158990401;Campanha | Lançamento Verde Extratos;NO AR;1359;10260;18;https://www.behance.net/gallery/158990401/Campanha-Lancamento-Verde-Extratos
2026-09-28;224446499;ID. Visual | Império Animal;NO AR;193;697;23;https://www.behance.net/gallery/224446499/ID-Visual-Imprio-Animal
2026-09-28;110817703;Logofolio;NO AR;768;1939;12;https://www.behance.net/gallery/110817703/Logofolio
2026-09-28;189405077;Campanha | RHGestor;NO AR;520;1387;4;https://www.behance.net/gallery/189405077/Campanha-RHGestor
2026-09-28;182855871;Campanha | Quadradin;NO AR;763;1221;8;https://www.behance.net/gallery/182855871/Campanha-Quadradin
2026-09-28;134968287;Identidade Visual | Gas+;NO AR;1123;6623;31;https://www.behance.net/gallery/134968287/Identidade-Visual-Gas
2026-09-28;119225387;Campanha | Coleção Disney Mickey Mouse Maria Dolores;NO AR;793;1254;2;https://www.behance.net/gallery/119225387/Campanha-Colecao-Disney-Mickey-Mouse-Maria-Dolores
2026-09-28;147797169;Identidade Visual | Incorpore;NO AR;1101;10414;24;https://www.behance.net/gallery/147797169/Identidade-Visual-Incorpore
2026-09-28;134283007;Site | DentalClean;NO AR;497;748;2;https://www.behance.net/gallery/134283007/Site-DentalClean
2026-09-28;93443827;Site | Fibercom;NO AR;1023;5359;6;https://www.behance.net/gallery/93443827/Site-Fibercom
2026-09-28;192515171;Campanha | Nova sede e Mudança Nome Sicredi Dexis;NO AR;609;2091;2;https://www.behance.net/gallery/192515171/Campanha-Nova-sede-e-Mudanca-Nome-Sicredi-Dexis
2026-09-28;46783405;Identidade Visual | Rick Rain;NO AR;910;2957;20;https://www.behance.net/gallery/46783405/Identidade-Visual-Rick-Rain
2026-09-28;93812009;Identidade Visual | Woodmaker;NO AR;745;2144;7;https://www.behance.net/gallery/93812009/Identidade-Visual-Woodmaker
2026-09-28;110833281;Campanha | Coleção Focus Maria Dolores;NO AR;675;2335;16;https://www.behance.net/gallery/110833281/Campanha-Colecao-Focus-Maria-Dolores
2026-09-28;110663911;Campanha | Liga da Justiça DentalClean;NO AR;583;793;1;https://www.behance.net/gallery/110663911/Campanha-Liga-da-Justica-DentalClean
2026-09-28;110771357;Campanha | Luto contra a Dengue;NO AR;764;4885;4;https://www.behance.net/gallery/110771357/Campanha-Luto-contra-a-Dengue
2026-09-28;103845357;Site | Cafés Capal;NO AR;696;3065;16;https://www.behance.net/gallery/103845357/Site-Cafs-Capal
2026-09-28;60138361;Identidade Visual | Siga Sistemas;NO AR;992;3389;15;https://www.behance.net/gallery/60138361/Identidade-Visual-Siga-Sistemas
2026-09-28;110672055;Campanha | DetoxPro DentalClean;NO AR;417;663;1;https://www.behance.net/gallery/110672055/Campanha-DetoxPro-DentalClean
2026-09-28;134457183;Campanha | Coleção Disney Cruella Maria Dolores;NO AR;367;630;1;https://www.behance.net/gallery/134457183/Campanha-Colecao-Disney-Cruella-Maria-Dolores
2026-09-28;92818291;Campanha | Comprou Viajou DAF Barigui;NO AR;566;2201;2;https://www.behance.net/gallery/92818291/Campanha-Comprou-Viajou-DAF-Barigui
2026-09-28;110107767;Campanha | Sementes Castrolanda;NO AR;520;2470;1;https://www.behance.net/gallery/110107767/Campanha-Sementes-Castrolanda
2026-09-28;253542713;Allied Wealth Planners | Brand Identity;NO AR;53;164;3;https://www.behance.net/gallery/253542713/Allied-Wealth-Planners-Brand-Identity
2026-09-28;210699897;Zeus Power Supply | Brand Identity;NO AR;91;255;1;https://www.behance.net/gallery/210699897/Zeus-Power-Supply-Brand-Identity
2026-09-28;210699189;Everight | Logo and Visual Identity;NO AR;88;135;1;https://www.behance.net/gallery/210699189/Everight-Logo-and-Visual-Identity
2026-09-28;207917767;Move to Cleveland | Logo and Visual Identity;NO AR;82;137;1;https://www.behance.net/gallery/207917767/Move-to-Cleveland-Logo-and-Visual-Identity
2026-09-28;153114613;Oasis Systems | Logo and Visual Identity;NO AR;216;1559;9;https://www.behance.net/gallery/153114613/Oasis-Systems-Logo-and-Visual-Identity
2026-09-28;110740133;Campanha | Sua Saúde Importa Unimed Cascavel;NO AR;544;3742;1;https://www.behance.net/gallery/110740133/Campanha-Sua-Saude-Importa-Unimed-Cascavel
2026-09-28;103318985;Campanha | Mustang Meeting;NO AR;522;1626;2;https://www.behance.net/gallery/103318985/Campanha-Mustang-Meeting
2026-09-28;98673331;Anúncio | Fórmula Renault;NO AR;461;753;0;https://www.behance.net/gallery/98673331/Anuncio-Formula-Renault
2026-09-28;92764979;Campanha | Ofertas de Carnaval Metronorte;NO AR;434;1671;0;https://www.behance.net/gallery/92764979/Campanha-Ofertas-de-Carnaval-Metronorte
2026-09-28;210443467;Logofolio 3;NO AR;52;112;3;https://www.behance.net/gallery/210443467/Logofolio-3
2026-09-28;135828267;Clínica Veterinária Santa Clara | Social Media;NO AR;133;1211;1;https://www.behance.net/gallery/135828267/Clinica-Veterinaria-Santa-Clara-Social-Media
2026-09-28;210443355;Logofolio 2;NO AR;31;66;0;https://www.behance.net/gallery/210443355/Logofolio-2
2026-09-28;112122793;Av Hookah | Packaging;NO AR;83;361;1;https://www.behance.net/gallery/112122793/Av-Hookah-Packaging
2026-09-28;118060209;Logofolio;NO AR;77;477;0;https://www.behance.net/gallery/118060209/Logofolio
2026-09-28;104850953;Dogtor | Logo;NO AR;647;10819;16;https://www.behance.net/gallery/104850953/Dogtor-Logo
2026-09-28;111115327;Medclin | Logo;NO AR;178;3389;6;https://www.behance.net/gallery/111115327/Medclin-Logo
2026-09-28;103376451;Entrepôt | Logo;NO AR;209;3254;8;https://www.behance.net/gallery/103376451/Entrepot-Logo
2026-09-28;55857673;Alcateia Systems | Logo;NO AR;116;1031;6;https://www.behance.net/gallery/55857673/Alcateia-Systems-Logo
2026-09-28;106530879;Café Du Coin | Graphic Design;NO AR;81;694;1;https://www.behance.net/gallery/106530879/Caf-Du-Coin-Graphic-Design
2026-09-28;103759053;Amanda Schumacher | Logo;NO AR;85;720;0;https://www.behance.net/gallery/103759053/Amanda-Schumacher-Logo
2026-09-28;61165757;Café Du Coin | Stay Tuned;NO AR;54;283;0;https://www.behance.net/gallery/61165757/Caf-Du-Coin-Stay-Tuned
2026-09-28;103382015;Café du Coin | Graphic Design;NO AR;70;382;2;https://www.behance.net/gallery/103382015/Caf-du-Coin-Graphic-Design
2026-09-28;74438445;Innove Odonto | Campanha Online;NO AR;134;1239;6;https://www.behance.net/gallery/74438445/Innove-Odonto-Campanha-Online
2026-09-28;46819127;Hyundai Vetor | Social Media - 2016;NO AR;53;304;1;https://www.behance.net/gallery/46819127/Hyundai-Vetor-Social-Media-2016
2026-09-29;256425875;Medical Equipment Source | Brand Refresh;NO AR;6;7;0;https://www.behance.net/gallery/256425875/Medical-Equipment-Source-Brand-Refresh
2026-09-29;256436851;DBPV | Brand Refresh;NO AR;3;2;1;https://www.behance.net/gallery/256436851/DBPV-Brand-Refresh
2026-09-29;217648519;Campanha | 40 Anos Sicredi Dexis;NO AR;329;2051;11;https://www.behance.net/gallery/217648519/Campanha-40-Anos-Sicredi-Dexis
2026-09-29;177401213;Logofolio | Coleções Maria Dolores;NO AR;432;879;4;https://www.behance.net/gallery/177401213/Logofolio-Colecoes-Maria-Dolores
2026-09-29;209015361;ID. Visual + Campanha | Publifest*;NO AR;757;3705;8;https://www.behance.net/gallery/209015361/ID-Visual-Campanha-Publifest
2026-09-29;204422701;Identidade Visual | OP Real Estate;NO AR;700;3158;12;https://www.behance.net/gallery/204422701/Identidade-Visual-OP-Real-Estate
2026-09-29;158990401;Campanha | Lançamento Verde Extratos;NO AR;1367;10271;18;https://www.behance.net/gallery/158990401/Campanha-Lancamento-Verde-Extratos
2026-09-29;224446499;ID. Visual | Império Animal;NO AR;203;708;23;https://www.behance.net/gallery/224446499/ID-Visual-Imprio-Animal
2026-09-29;110817703;Logofolio;NO AR;777;1949;12;https://www.behance.net/gallery/110817703/Logofolio
2026-09-29;189405077;Campanha | RHGestor;NO AR;529;1397;4;https://www.behance.net/gallery/189405077/Campanha-RHGestor
2026-09-29;182855871;Campanha | Quadradin;NO AR;773;1232;8;https://www.behance.net/gallery/182855871/Campanha-Quadradin
2026-09-29;134968287;Identidade Visual | Gas+;NO AR;1131;6638;31;https://www.behance.net/gallery/134968287/Identidade-Visual-Gas
2026-09-29;119225387;Campanha | Coleção Disney Mickey Mouse Maria Dolores;NO AR;802;1264;2;https://www.behance.net/gallery/119225387/Campanha-Colecao-Disney-Mickey-Mouse-Maria-Dolores
2026-09-29;147797169;Identidade Visual | Incorpore;NO AR;1111;10434;24;https://www.behance.net/gallery/147797169/Identidade-Visual-Incorpore
2026-09-29;134283007;Site | DentalClean;NO AR;506;759;2;https://www.behance.net/gallery/134283007/Site-DentalClean
2026-09-29;93443827;Site | Fibercom;NO AR;1033;5373;6;https://www.behance.net/gallery/93443827/Site-Fibercom
2026-09-29;192515171;Campanha | Nova sede e Mudança Nome Sicredi Dexis;NO AR;619;2104;2;https://www.behance.net/gallery/192515171/Campanha-Nova-sede-e-Mudanca-Nome-Sicredi-Dexis
2026-09-29;46783405;Identidade Visual | Rick Rain;NO AR;920;2971;20;https://www.behance.net/gallery/46783405/Identidade-Visual-Rick-Rain
2026-09-29;93812009;Identidade Visual | Woodmaker;NO AR;754;2155;7;https://www.behance.net/gallery/93812009/Identidade-Visual-Woodmaker
2026-09-29;110833281;Campanha | Coleção Focus Maria Dolores;NO AR;675;2337;16;https://www.behance.net/gallery/110833281/Campanha-Colecao-Focus-Maria-Dolores
2026-09-29;110663911;Campanha | Liga da Justiça DentalClean;NO AR;584;796;1;https://www.behance.net/gallery/110663911/Campanha-Liga-da-Justica-DentalClean
2026-09-29;110771357;Campanha | Luto contra a Dengue;NO AR;773;4898;4;https://www.behance.net/gallery/110771357/Campanha-Luto-contra-a-Dengue
2026-09-29;103845357;Site | Cafés Capal;NO AR;705;3079;16;https://www.behance.net/gallery/103845357/Site-Cafs-Capal
2026-09-29;60138361;Identidade Visual | Siga Sistemas;NO AR;1000;3402;15;https://www.behance.net/gallery/60138361/Identidade-Visual-Siga-Sistemas
2026-09-29;110672055;Campanha | DetoxPro DentalClean;NO AR;417;669;1;https://www.behance.net/gallery/110672055/Campanha-DetoxPro-DentalClean
2026-09-29;134457183;Campanha | Coleção Disney Cruella Maria Dolores;NO AR;367;633;1;https://www.behance.net/gallery/134457183/Campanha-Colecao-Disney-Cruella-Maria-Dolores
2026-09-29;92818291;Campanha | Comprou Viajou DAF Barigui;NO AR;567;2203;2;https://www.behance.net/gallery/92818291/Campanha-Comprou-Viajou-DAF-Barigui
2026-09-29;110107767;Campanha | Sementes Castrolanda;NO AR;520;2471;1;https://www.behance.net/gallery/110107767/Campanha-Sementes-Castrolanda
2026-09-29;253542713;Allied Wealth Planners | Brand Identity;NO AR;61;178;3;https://www.behance.net/gallery/253542713/Allied-Wealth-Planners-Brand-Identity
2026-09-29;210699897;Zeus Power Supply | Brand Identity;NO AR;100;269;1;https://www.behance.net/gallery/210699897/Zeus-Power-Supply-Brand-Identity
2026-09-29;210699189;Everight | Logo and Visual Identity;NO AR;96;146;1;https://www.behance.net/gallery/210699189/Everight-Logo-and-Visual-Identity
2026-09-29;207917767;Move to Cleveland | Logo and Visual Identity;NO AR;91;149;1;https://www.behance.net/gallery/207917767/Move-to-Cleveland-Logo-and-Visual-Identity
2026-09-29;153114613;Oasis Systems | Logo and Visual Identity;NO AR;227;1572;9;https://www.behance.net/gallery/153114613/Oasis-Systems-Logo-and-Visual-Identity
2026-09-29;110740133;Campanha | Sua Saúde Importa Unimed Cascavel;NO AR;545;3747;1;https://www.behance.net/gallery/110740133/Campanha-Sua-Saude-Importa-Unimed-Cascavel
2026-09-29;103318985;Campanha Mustang Meeting;FORA DO AR;;;;https://www.behance.net/gallery/103318985/Campanha-Mustang-Meeting
2026-09-29;98673331;Anúncio | Fórmula Renault;NO AR;461;755;0;https://www.behance.net/gallery/98673331/Anuncio-Formula-Renault
2026-09-29;92764979;Campanha Ofertas de Carnaval Metronorte;FORA DO AR;;;;https://www.behance.net/gallery/92764979/Campanha-Ofertas-de-Carnaval-Metronorte
2026-09-29;210443467;Logofolio 3;NO AR;52;115;3;https://www.behance.net/gallery/210443467/Logofolio-3
2026-09-29;135828267;Clínica Veterinária Santa Clara | Social Media;NO AR;133;1216;1;https://www.behance.net/gallery/135828267/Clinica-Veterinaria-Santa-Clara-Social-Media
2026-09-29;210443355;Logofolio 2;NO AR;31;68;0;https://www.behance.net/gallery/210443355/Logofolio-2
2026-09-29;112122793;Av Hookah | Packaging;NO AR;83;367;1;https://www.behance.net/gallery/112122793/Av-Hookah-Packaging
2026-09-29;118060209;Logofolio;NO AR;77;479;0;https://www.behance.net/gallery/118060209/Logofolio
2026-09-29;104850953;Dogtor | Logo;NO AR;647;10823;16;https://www.behance.net/gallery/104850953/Dogtor-Logo
2026-09-29;111115327;Medclin | Logo;NO AR;178;3394;6;https://www.behance.net/gallery/111115327/Medclin-Logo
2026-09-29;103376451;Entrepôt | Logo;NO AR;209;3257;8;https://www.behance.net/gallery/103376451/Entrepot-Logo
2026-09-29;55857673;Alcateia Systems | Logo;NO AR;116;1034;6;https://www.behance.net/gallery/55857673/Alcateia-Systems-Logo
2026-09-29;106530879;Café Du Coin | Graphic Design;NO AR;81;699;1;https://www.behance.net/gallery/106530879/Caf-Du-Coin-Graphic-Design
2026-09-29;103759053;Amanda Schumacher | Logo;NO AR;85;723;0;https://www.behance.net/gallery/103759053/Amanda-Schumacher-Logo
2026-09-29;61165757;Café Du Coin | Stay Tuned;NO AR;54;287;0;https://www.behance.net/gallery/61165757/Caf-Du-Coin-Stay-Tuned
2026-09-29;103382015;Café du Coin | Graphic Design;NO AR;70;388;2;https://www.behance.net/gallery/103382015/Caf-du-Coin-Graphic-Design
2026-09-29;74438445;Innove Odonto | Campanha Online;NO AR;134;1247;6;https://www.behance.net/gallery/74438445/Innove-Odonto-Campanha-Online
2026-09-29;46819127;Hyundai Vetor | Social Media - 2016;NO AR;53;314;1;https://www.behance.net/gallery/46819127/Hyundai-Vetor-Social-Media-2016
2026-09-30;256425875;Medical Equipment Source | Brand Refresh;NO AR;13;14;1;https://www.behance.net/gallery/256425875/Medical-Equipment-Source-Brand-Refresh
2026-09-30;256436851;DBPV | Brand Refresh;NO AR;8;13;1;https://www.behance.net/gallery/256436851/DBPV-Brand-Refresh
2026-09-30;217648519;Campanha | 40 Anos Sicredi Dexis;NO AR;334;2059;11;https://www.behance.net/gallery/217648519/Campanha-40-Anos-Sicredi-Dexis
2026-09-30;177401213;Logofolio | Coleções Maria Dolores;NO AR;437;886;4;https://www.behance.net/gallery/177401213/Logofolio-Colecoes-Maria-Dolores
2026-09-30;209015361;ID. Visual + Campanha | Publifest*;NO AR;762;3712;8;https://www.behance.net/gallery/209015361/ID-Visual-Campanha-Publifest
2026-09-30;204422701;Identidade Visual | OP Real Estate;NO AR;706;3165;12;https://www.behance.net/gallery/204422701/Identidade-Visual-OP-Real-Estate
2026-09-30;158990401;Campanha | Lançamento Verde Extratos;NO AR;1373;10278;18;https://www.behance.net/gallery/158990401/Campanha-Lancamento-Verde-Extratos
2026-09-30;224446499;ID. Visual | Império Animal;NO AR;208;716;23;https://www.behance.net/gallery/224446499/ID-Visual-Imprio-Animal
2026-09-30;110817703;Logofolio;NO AR;782;1956;12;https://www.behance.net/gallery/110817703/Logofolio
2026-09-30;189405077;Campanha | RHGestor;NO AR;535;1404;4;https://www.behance.net/gallery/189405077/Campanha-RHGestor
2026-09-30;182855871;Campanha | Quadradin;NO AR;779;1239;8;https://www.behance.net/gallery/182855871/Campanha-Quadradin
2026-09-30;134968287;Identidade Visual | Gas+;NO AR;1137;6647;31;https://www.behance.net/gallery/134968287/Identidade-Visual-Gas
2026-09-30;119225387;Campanha | Coleção Disney Mickey Mouse Maria Dolores;NO AR;808;1271;2;https://www.behance.net/gallery/119225387/Campanha-Colecao-Disney-Mickey-Mouse-Maria-Dolores
2026-09-30;147797169;Identidade Visual | Incorpore;NO AR;1117;10447;24;https://www.behance.net/gallery/147797169/Identidade-Visual-Incorpore
2026-09-30;134283007;Site | DentalClean;NO AR;511;765;2;https://www.behance.net/gallery/134283007/Site-DentalClean
2026-09-30;93443827;Site | Fibercom;NO AR;1038;5379;6;https://www.behance.net/gallery/93443827/Site-Fibercom
2026-09-30;192515171;Campanha | Nova sede e Mudança Nome Sicredi Dexis;NO AR;623;2111;2;https://www.behance.net/gallery/192515171/Campanha-Nova-sede-e-Mudanca-Nome-Sicredi-Dexis
2026-09-30;46783405;Identidade Visual | Rick Rain;NO AR;925;2977;20;https://www.behance.net/gallery/46783405/Identidade-Visual-Rick-Rain
2026-09-30;93812009;Identidade Visual | Woodmaker;NO AR;759;2162;7;https://www.behance.net/gallery/93812009/Identidade-Visual-Woodmaker
2026-09-30;110833281;Campanha | Coleção Focus Maria Dolores;NO AR;676;2340;16;https://www.behance.net/gallery/110833281/Campanha-Colecao-Focus-Maria-Dolores
2026-09-30;110663911;Campanha | Liga da Justiça DentalClean;NO AR;585;797;1;https://www.behance.net/gallery/110663911/Campanha-Liga-da-Justica-DentalClean
2026-09-30;110771357;Campanha | Luto contra a Dengue;NO AR;778;4904;4;https://www.behance.net/gallery/110771357/Campanha-Luto-contra-a-Dengue
2026-09-30;103845357;Site | Cafés Capal;NO AR;710;3086;16;https://www.behance.net/gallery/103845357/Site-Cafs-Capal
2026-09-30;60138361;Identidade Visual | Siga Sistemas;NO AR;1005;3408;15;https://www.behance.net/gallery/60138361/Identidade-Visual-Siga-Sistemas
2026-09-30;110672055;Campanha | DetoxPro DentalClean;NO AR;417;669;1;https://www.behance.net/gallery/110672055/Campanha-DetoxPro-DentalClean
2026-09-30;134457183;Campanha | Coleção Disney Cruella Maria Dolores;NO AR;367;633;1;https://www.behance.net/gallery/134457183/Campanha-Colecao-Disney-Cruella-Maria-Dolores
2026-09-30;92818291;Campanha | Comprou Viajou DAF Barigui;NO AR;567;2203;2;https://www.behance.net/gallery/92818291/Campanha-Comprou-Viajou-DAF-Barigui
2026-09-30;110107767;Campanha | Sementes Castrolanda;NO AR;521;2472;1;https://www.behance.net/gallery/110107767/Campanha-Sementes-Castrolanda
2026-09-30;253542713;Allied Wealth Planners | Brand Identity;NO AR;66;184;3;https://www.behance.net/gallery/253542713/Allied-Wealth-Planners-Brand-Identity
2026-09-30;210699897;Zeus Power Supply | Brand Identity;NO AR;105;275;1;https://www.behance.net/gallery/210699897/Zeus-Power-Supply-Brand-Identity
2026-09-30;210699189;Everight | Logo and Visual Identity;NO AR;101;152;1;https://www.behance.net/gallery/210699189/Everight-Logo-and-Visual-Identity
2026-09-30;207917767;Move to Cleveland | Logo and Visual Identity;NO AR;95;155;1;https://www.behance.net/gallery/207917767/Move-to-Cleveland-Logo-and-Visual-Identity
2026-09-30;153114613;Oasis Systems | Logo and Visual Identity;NO AR;231;1577;9;https://www.behance.net/gallery/153114613/Oasis-Systems-Logo-and-Visual-Identity
2026-09-30;110740133;Campanha | Sua Saúde Importa Unimed Cascavel;NO AR;546;3749;1;https://www.behance.net/gallery/110740133/Campanha-Sua-Saude-Importa-Unimed-Cascavel
2026-09-30;103318985;Campanha Mustang Meeting;FORA DO AR;;;;https://www.behance.net/gallery/103318985/Campanha-Mustang-Meeting
2026-09-30;98673331;Anúncio | Fórmula Renault;NO AR;462;756;0;https://www.behance.net/gallery/98673331/Anuncio-Formula-Renault
2026-09-30;92764979;Campanha Ofertas de Carnaval Metronorte;FORA DO AR;;;;https://www.behance.net/gallery/92764979/Campanha-Ofertas-de-Carnaval-Metronorte
2026-09-30;210443467;Logofolio 3;NO AR;53;116;3;https://www.behance.net/gallery/210443467/Logofolio-3
2026-09-30;135828267;Clínica Veterinária Santa Clara | Social Media;NO AR;133;1217;1;https://www.behance.net/gallery/135828267/Clinica-Veterinaria-Santa-Clara-Social-Media
2026-09-30;210443355;Logofolio 2;NO AR;31;69;0;https://www.behance.net/gallery/210443355/Logofolio-2
2026-09-30;112122793;Av Hookah | Packaging;NO AR;83;367;1;https://www.behance.net/gallery/112122793/Av-Hookah-Packaging
2026-09-30;118060209;Logofolio;NO AR;77;479;0;https://www.behance.net/gallery/118060209/Logofolio
2026-09-30;104850953;Dogtor | Logo;NO AR;648;10824;16;https://www.behance.net/gallery/104850953/Dogtor-Logo
2026-09-30;111115327;Medclin | Logo;NO AR;178;3394;6;https://www.behance.net/gallery/111115327/Medclin-Logo
2026-09-30;103376451;Entrepôt | Logo;NO AR;209;3259;8;https://www.behance.net/gallery/103376451/Entrepot-Logo
2026-09-30;55857673;Alcateia Systems | Logo;NO AR;116;1034;6;https://www.behance.net/gallery/55857673/Alcateia-Systems-Logo
2026-09-30;106530879;Café Du Coin | Graphic Design;NO AR;81;699;1;https://www.behance.net/gallery/106530879/Caf-Du-Coin-Graphic-Design
2026-09-30;103759053;Amanda Schumacher | Logo;NO AR;85;723;0;https://www.behance.net/gallery/103759053/Amanda-Schumacher-Logo
2026-09-30;61165757;Café Du Coin | Stay Tuned;NO AR;54;287;0;https://www.behance.net/gallery/61165757/Caf-Du-Coin-Stay-Tuned
2026-09-30;103382015;Café du Coin | Graphic Design;NO AR;70;389;2;https://www.behance.net/gallery/103382015/Caf-du-Coin-Graphic-Design
2026-09-30;74438445;Innove Odonto | Campanha Online;NO AR;134;1247;6;https://www.behance.net/gallery/74438445/Innove-Odonto-Campanha-Online
2026-09-30;46819127;Hyundai Vetor | Social Media - 2016;NO AR;53;317;1;https://www.behance.net/gallery/46819127/Hyundai-Vetor-Social-Media-2016
2026-10-01;256425875;Medical Equipment Source Brand Refresh;ERRO;;;;https://www.behance.net/gallery/256425875/Medical-Equipment-Source-Brand-Refresh
2026-10-01;256436851;DBPV | Brand Refresh;NO AR;12;17;1;https://www.behance.net/gallery/256436851/DBPV-Brand-Refresh
2026-10-01;217648519;Campanha | 40 Anos Sicredi Dexis;NO AR;338;2064;11;https://www.behance.net/gallery/217648519/Campanha-40-Anos-Sicredi-Dexis
2026-10-01;177401213;Logofolio | Coleções Maria Dolores;NO AR;441;890;4;https://www.behance.net/gallery/177401213/Logofolio-Colecoes-Maria-Dolores
2026-10-01;209015361;ID. Visual + Campanha | Publifest*;NO AR;766;3716;8;https://www.behance.net/gallery/209015361/ID-Visual-Campanha-Publifest
2026-10-01;204422701;Identidade Visual | OP Real Estate;NO AR;709;3170;12;https://www.behance.net/gallery/204422701/Identidade-Visual-OP-Real-Estate
2026-10-01;158990401;Campanha | Lançamento Verde Extratos;NO AR;1376;10282;18;https://www.behance.net/gallery/158990401/Campanha-Lancamento-Verde-Extratos
2026-10-01;224446499;ID. Visual | Império Animal;NO AR;212;721;23;https://www.behance.net/gallery/224446499/ID-Visual-Imprio-Animal
2026-10-01;110817703;Logofolio;NO AR;786;1960;12;https://www.behance.net/gallery/110817703/Logofolio
2026-10-01;189405077;Campanha | RHGestor;NO AR;539;1408;4;https://www.behance.net/gallery/189405077/Campanha-RHGestor
2026-10-01;182855871;Campanha | Quadradin;NO AR;783;1244;8;https://www.behance.net/gallery/182855871/Campanha-Quadradin
2026-10-01;134968287;Identidade Visual | Gas+;NO AR;1140;6651;31;https://www.behance.net/gallery/134968287/Identidade-Visual-Gas
2026-10-01;119225387;Campanha | Coleção Disney Mickey Mouse Maria Dolores;NO AR;811;1274;2;https://www.behance.net/gallery/119225387/Campanha-Colecao-Disney-Mickey-Mouse-Maria-Dolores
2026-10-01;147797169;Identidade Visual | Incorpore;NO AR;1121;10454;24;https://www.behance.net/gallery/147797169/Identidade-Visual-Incorpore
2026-10-01;134283007;Site | DentalClean;NO AR;515;769;2;https://www.behance.net/gallery/134283007/Site-DentalClean
2026-10-01;93443827;Site | Fibercom;NO AR;1042;5383;6;https://www.behance.net/gallery/93443827/Site-Fibercom
2026-10-01;192515171;Campanha | Nova sede e Mudança Nome Sicredi Dexis;NO AR;626;2115;2;https://www.behance.net/gallery/192515171/Campanha-Nova-sede-e-Mudanca-Nome-Sicredi-Dexis
2026-10-01;46783405;Identidade Visual | Rick Rain;NO AR;929;2982;20;https://www.behance.net/gallery/46783405/Identidade-Visual-Rick-Rain
2026-10-01;93812009;Identidade Visual | Woodmaker;NO AR;760;2164;7;https://www.behance.net/gallery/93812009/Identidade-Visual-Woodmaker
2026-10-01;110833281;Campanha | Coleção Focus Maria Dolores;NO AR;677;2341;16;https://www.behance.net/gallery/110833281/Campanha-Colecao-Focus-Maria-Dolores
2026-10-01;110663911;Campanha | Liga da Justiça DentalClean;NO AR;586;799;1;https://www.behance.net/gallery/110663911/Campanha-Liga-da-Justica-DentalClean
2026-10-01;110771357;Campanha | Luto contra a Dengue;NO AR;778;4906;4;https://www.behance.net/gallery/110771357/Campanha-Luto-contra-a-Dengue
2026-10-01;103845357;Site Cafs Capal;ERRO;;;;https://www.behance.net/gallery/103845357/Site-Cafs-Capal
2026-10-01;60138361;Identidade Visual | Siga Sistemas;NO AR;1008;3413;15;https://www.behance.net/gallery/60138361/Identidade-Visual-Siga-Sistemas
2026-10-01;110672055;Campanha | DetoxPro DentalClean;NO AR;417;671;1;https://www.behance.net/gallery/110672055/Campanha-DetoxPro-DentalClean
2026-10-01;134457183;Campanha | Coleção Disney Cruella Maria Dolores;NO AR;368;634;1;https://www.behance.net/gallery/134457183/Campanha-Colecao-Disney-Cruella-Maria-Dolores
2026-10-01;92818291;Campanha | Comprou Viajou DAF Barigui;NO AR;568;2205;2;https://www.behance.net/gallery/92818291/Campanha-Comprou-Viajou-DAF-Barigui
2026-10-01;110107767;Campanha | Sementes Castrolanda;NO AR;521;2473;1;https://www.behance.net/gallery/110107767/Campanha-Sementes-Castrolanda
2026-10-01;253542713;Allied Wealth Planners | Brand Identity;NO AR;71;188;3;https://www.behance.net/gallery/253542713/Allied-Wealth-Planners-Brand-Identity
2026-10-01;210699897;Zeus Power Supply | Brand Identity;NO AR;110;279;1;https://www.behance.net/gallery/210699897/Zeus-Power-Supply-Brand-Identity
2026-10-01;210699189;Everight | Logo and Visual Identity;NO AR;106;156;1;https://www.behance.net/gallery/210699189/Everight-Logo-and-Visual-Identity
2026-10-01;207917767;Move to Cleveland | Logo and Visual Identity;NO AR;100;159;1;https://www.behance.net/gallery/207917767/Move-to-Cleveland-Logo-and-Visual-Identity
2026-10-01;153114613;Oasis Systems | Logo and Visual Identity;NO AR;236;1581;9;https://www.behance.net/gallery/153114613/Oasis-Systems-Logo-and-Visual-Identity
2026-10-01;110740133;Campanha | Sua Saúde Importa Unimed Cascavel;NO AR;547;3751;1;https://www.behance.net/gallery/110740133/Campanha-Sua-Saude-Importa-Unimed-Cascavel
2026-10-01;103318985;Campanha Mustang Meeting;FORA DO AR;;;;https://www.behance.net/gallery/103318985/Campanha-Mustang-Meeting
2026-10-01;98673331;Anúncio | Fórmula Renault;NO AR;463;757;0;https://www.behance.net/gallery/98673331/Anuncio-Formula-Renault
2026-10-01;92764979;Campanha Ofertas de Carnaval Metronorte;FORA DO AR;;;;https://www.behance.net/gallery/92764979/Campanha-Ofertas-de-Carnaval-Metronorte
2026-10-01;210443467;Logofolio 3;NO AR;53;116;3;https://www.behance.net/gallery/210443467/Logofolio-3
2026-10-01;135828267;Clínica Veterinária Santa Clara | Social Media;NO AR;133;1217;1;https://www.behance.net/gallery/135828267/Clinica-Veterinaria-Santa-Clara-Social-Media
2026-10-01;210443355;Logofolio 2;NO AR;32;70;0;https://www.behance.net/gallery/210443355/Logofolio-2
2026-10-01;112122793;Av Hookah | Packaging;NO AR;87;370;1;https://www.behance.net/gallery/112122793/Av-Hookah-Packaging
2026-10-01;118060209;Logofolio;NO AR;77;479;0;https://www.behance.net/gallery/118060209/Logofolio
2026-10-01;104850953;Dogtor | Logo;NO AR;648;10826;16;https://www.behance.net/gallery/104850953/Dogtor-Logo
2026-10-01;111115327;Medclin | Logo;NO AR;178;3394;6;https://www.behance.net/gallery/111115327/Medclin-Logo
2026-10-01;103376451;Entrepôt | Logo;NO AR;209;3259;8;https://www.behance.net/gallery/103376451/Entrepot-Logo
2026-10-01;55857673;Alcateia Systems | Logo;NO AR;116;1034;6;https://www.behance.net/gallery/55857673/Alcateia-Systems-Logo
2026-10-01;106530879;Café Du Coin | Graphic Design;NO AR;81;699;1;https://www.behance.net/gallery/106530879/Caf-Du-Coin-Graphic-Design
2026-10-01;103759053;Amanda Schumacher | Logo;NO AR;85;723;0;https://www.behance.net/gallery/103759053/Amanda-Schumacher-Logo
2026-10-01;61165757;Café Du Coin | Stay Tuned;NO AR;54;287;0;https://www.behance.net/gallery/61165757/Caf-Du-Coin-Stay-Tuned
2026-10-01;103382015;Café du Coin | Graphic Design;NO AR;70;389;2;https://www.behance.net/gallery/103382015/Caf-du-Coin-Graphic-Design
2026-10-01;74438445;Innove Odonto | Campanha Online;NO AR;134;1247;6;https://www.behance.net/gallery/74438445/Innove-Odonto-Campanha-Online
2026-10-01;46819127;Hyundai Vetor | Social Media - 2016;NO AR;53;317;1;https://www.behance.net/gallery/46819127/Hyundai-Vetor-Social-Media-2016
2026-10-02;256425875;Medical Equipment Source | Brand Refresh;NO AR;19;22;1;https://www.behance.net/gallery/256425875/Medical-Equipment-Source-Brand-Refresh
2026-10-02;256436851;DBPV | Brand Refresh;NO AR;13;18;1;https://www.behance.net/gallery/256436851/DBPV-Brand-Refresh
2026-10-02;217648519;Campanha | 40 Anos Sicredi Dexis;NO AR;339;2065;11;https://www.behance.net/gallery/217648519/Campanha-40-Anos-Sicredi-Dexis
2026-10-02;177401213;Logofolio | Coleções Maria Dolores;NO AR;442;891;4;https://www.behance.net/gallery/177401213/Logofolio-Colecoes-Maria-Dolores
2026-10-02;209015361;ID. Visual + Campanha | Publifest*;NO AR;767;3717;8;https://www.behance.net/gallery/209015361/ID-Visual-Campanha-Publifest
2026-10-02;204422701;Identidade Visual | OP Real Estate;NO AR;711;3175;12;https://www.behance.net/gallery/204422701/Identidade-Visual-OP-Real-Estate
2026-10-02;158990401;Campanha | Lançamento Verde Extratos;NO AR;1377;10283;18;https://www.behance.net/gallery/158990401/Campanha-Lancamento-Verde-Extratos
2026-10-02;224446499;ID. Visual | Império Animal;NO AR;213;722;23;https://www.behance.net/gallery/224446499/ID-Visual-Imprio-Animal
2026-10-02;110817703;Logofolio;NO AR;787;1962;12;https://www.behance.net/gallery/110817703/Logofolio
2026-10-02;189405077;Campanha | RHGestor;NO AR;540;1409;4;https://www.behance.net/gallery/189405077/Campanha-RHGestor
2026-10-02;182855871;Campanha | Quadradin;NO AR;784;1245;8;https://www.behance.net/gallery/182855871/Campanha-Quadradin
2026-10-02;134968287;Identidade Visual | Gas+;NO AR;1141;6655;31;https://www.behance.net/gallery/134968287/Identidade-Visual-Gas
2026-10-02;119225387;Campanha | Coleção Disney Mickey Mouse Maria Dolores;NO AR;811;1274;2;https://www.behance.net/gallery/119225387/Campanha-Colecao-Disney-Mickey-Mouse-Maria-Dolores
2026-10-02;147797169;Identidade Visual | Incorpore;NO AR;1122;10459;24;https://www.behance.net/gallery/147797169/Identidade-Visual-Incorpore
2026-10-02;134283007;Site | DentalClean;NO AR;516;770;2;https://www.behance.net/gallery/134283007/Site-DentalClean
2026-10-02;93443827;Site | Fibercom;NO AR;1043;5384;6;https://www.behance.net/gallery/93443827/Site-Fibercom
2026-10-02;192515171;Campanha | Nova sede e Mudança Nome Sicredi Dexis;NO AR;628;2116;2;https://www.behance.net/gallery/192515171/Campanha-Nova-sede-e-Mudanca-Nome-Sicredi-Dexis
2026-10-02;46783405;Identidade Visual | Rick Rain;NO AR;930;2983;20;https://www.behance.net/gallery/46783405/Identidade-Visual-Rick-Rain
2026-10-02;93812009;Identidade Visual | Woodmaker;NO AR;760;2164;7;https://www.behance.net/gallery/93812009/Identidade-Visual-Woodmaker
2026-10-02;110833281;Campanha | Coleção Focus Maria Dolores;NO AR;677;2341;16;https://www.behance.net/gallery/110833281/Campanha-Colecao-Focus-Maria-Dolores
2026-10-02;110663911;Campanha | Liga da Justiça DentalClean;NO AR;586;799;1;https://www.behance.net/gallery/110663911/Campanha-Liga-da-Justica-DentalClean
2026-10-02;110771357;Campanha | Luto contra a Dengue;NO AR;778;4906;4;https://www.behance.net/gallery/110771357/Campanha-Luto-contra-a-Dengue
2026-10-02;103845357;Site | Cafés Capal;NO AR;710;3088;16;https://www.behance.net/gallery/103845357/Site-Cafs-Capal
2026-10-02;60138361;Identidade Visual | Siga Sistemas;NO AR;1009;3414;15;https://www.behance.net/gallery/60138361/Identidade-Visual-Siga-Sistemas
2026-10-02;110672055;Campanha | DetoxPro DentalClean;NO AR;417;671;1;https://www.behance.net/gallery/110672055/Campanha-DetoxPro-DentalClean
2026-10-02;134457183;Campanha | Coleção Disney Cruella Maria Dolores;NO AR;368;634;1;https://www.behance.net/gallery/134457183/Campanha-Colecao-Disney-Cruella-Maria-Dolores
2026-10-02;92818291;Campanha | Comprou Viajou DAF Barigui;NO AR;568;2205;2;https://www.behance.net/gallery/92818291/Campanha-Comprou-Viajou-DAF-Barigui
2026-10-02;110107767;Campanha | Sementes Castrolanda;NO AR;521;2475;1;https://www.behance.net/gallery/110107767/Campanha-Sementes-Castrolanda
2026-10-02;253542713;Allied Wealth Planners | Brand Identity;NO AR;72;189;3;https://www.behance.net/gallery/253542713/Allied-Wealth-Planners-Brand-Identity
2026-10-02;210699897;Zeus Power Supply | Brand Identity;NO AR;111;280;1;https://www.behance.net/gallery/210699897/Zeus-Power-Supply-Brand-Identity
2026-10-02;210699189;Everight | Logo and Visual Identity;NO AR;107;157;1;https://www.behance.net/gallery/210699189/Everight-Logo-and-Visual-Identity
2026-10-02;207917767;Move to Cleveland | Logo and Visual Identity;NO AR;100;160;1;https://www.behance.net/gallery/207917767/Move-to-Cleveland-Logo-and-Visual-Identity
2026-10-02;153114613;Oasis Systems | Logo and Visual Identity;NO AR;237;1582;9;https://www.behance.net/gallery/153114613/Oasis-Systems-Logo-and-Visual-Identity
2026-10-02;110740133;Campanha | Sua Saúde Importa Unimed Cascavel;NO AR;547;3752;1;https://www.behance.net/gallery/110740133/Campanha-Sua-Saude-Importa-Unimed-Cascavel
2026-10-02;103318985;Campanha Mustang Meeting;FORA DO AR;;;;https://www.behance.net/gallery/103318985/Campanha-Mustang-Meeting
2026-10-02;98673331;Anúncio | Fórmula Renault;NO AR;463;757;0;https://www.behance.net/gallery/98673331/Anuncio-Formula-Renault
2026-10-02;92764979;Campanha Ofertas de Carnaval Metronorte;FORA DO AR;;;;https://www.behance.net/gallery/92764979/Campanha-Ofertas-de-Carnaval-Metronorte
2026-10-02;210443467;Logofolio 3;NO AR;53;116;3;https://www.behance.net/gallery/210443467/Logofolio-3
2026-10-02;135828267;Clínica Veterinária Santa Clara | Social Media;NO AR;133;1217;1;https://www.behance.net/gallery/135828267/Clinica-Veterinaria-Santa-Clara-Social-Media
2026-10-02;210443355;Logofolio 2;NO AR;32;70;0;https://www.behance.net/gallery/210443355/Logofolio-2
2026-10-02;112122793;Av Hookah | Packaging;NO AR;88;371;1;https://www.behance.net/gallery/112122793/Av-Hookah-Packaging
2026-10-02;118060209;Logofolio;NO AR;77;479;0;https://www.behance.net/gallery/118060209/Logofolio
2026-10-02;104850953;Dogtor | Logo;NO AR;648;10826;16;https://www.behance.net/gallery/104850953/Dogtor-Logo
2026-10-02;111115327;Medclin | Logo;NO AR;178;3394;6;https://www.behance.net/gallery/111115327/Medclin-Logo
2026-10-02;103376451;Entrepôt | Logo;NO AR;209;3259;8;https://www.behance.net/gallery/103376451/Entrepot-Logo
2026-10-02;55857673;Alcateia Systems | Logo;NO AR;116;1034;6;https://www.behance.net/gallery/55857673/Alcateia-Systems-Logo
2026-10-02;106530879;Café Du Coin | Graphic Design;NO AR;81;699;1;https://www.behance.net/gallery/106530879/Caf-Du-Coin-Graphic-Design
2026-10-02;103759053;Amanda Schumacher | Logo;NO AR;85;723;0;https://www.behance.net/gallery/103759053/Amanda-Schumacher-Logo
2026-10-02;61165757;Café Du Coin | Stay Tuned;NO AR;54;287;0;https://www.behance.net/gallery/61165757/Caf-Du-Coin-Stay-Tuned
2026-10-02;103382015;Café du Coin | Graphic Design;NO AR;70;389;2;https://www.behance.net/gallery/103382015/Caf-du-Coin-Graphic-Design
2026-10-02;74438445;Innove Odonto | Campanha Online;NO AR;134;1247;6;https://www.behance.net/gallery/74438445/Innove-Odonto-Campanha-Online
2026-10-02;46819127;Hyundai Vetor | Social Media - 2016;NO AR;53;317;1;https://www.behance.net/gallery/46819127/Hyundai-Vetor-Social-Media-2016
2026-10-03;256425875;Medical Equipment Source | Brand Refresh;NO AR;19;22;1;https://www.behance.net/gallery/256425875/Medical-Equipment-Source-Brand-Refresh
2026-10-03;256436851;DBPV | Brand Refresh;NO AR;13;18;1;https://www.behance.net/gallery/256436851/DBPV-Brand-Refresh
2026-10-03;217648519;Campanha | 40 Anos Sicredi Dexis;NO AR;339;2066;11;https://www.behance.net/gallery/217648519/Campanha-40-Anos-Sicredi-Dexis
2026-10-03;177401213;Logofolio | Coleções Maria Dolores;NO AR;442;891;4;https://www.behance.net/gallery/177401213/Logofolio-Colecoes-Maria-Dolores
2026-10-03;209015361;ID. Visual + Campanha | Publifest*;NO AR;767;3717;8;https://www.behance.net/gallery/209015361/ID-Visual-Campanha-Publifest
2026-10-03;204422701;Identidade Visual | OP Real Estate;NO AR;711;3175;12;https://www.behance.net/gallery/204422701/Identidade-Visual-OP-Real-Estate
2026-10-03;158990401;Campanha | Lançamento Verde Extratos;NO AR;1377;10284;18;https://www.behance.net/gallery/158990401/Campanha-Lancamento-Verde-Extratos
2026-10-03;224446499;ID. Visual | Império Animal;NO AR;213;722;23;https://www.behance.net/gallery/224446499/ID-Visual-Imprio-Animal
2026-10-03;110817703;Logofolio;NO AR;787;1962;12;https://www.behance.net/gallery/110817703/Logofolio
2026-10-03;189405077;Campanha | RHGestor;NO AR;540;1409;4;https://www.behance.net/gallery/189405077/Campanha-RHGestor
2026-10-03;182855871;Campanha | Quadradin;NO AR;784;1245;8;https://www.behance.net/gallery/182855871/Campanha-Quadradin
2026-10-03;134968287;Identidade Visual | Gas+;NO AR;1141;6657;31;https://www.behance.net/gallery/134968287/Identidade-Visual-Gas
2026-10-03;119225387;Campanha | Coleção Disney Mickey Mouse Maria Dolores;NO AR;811;1275;2;https://www.behance.net/gallery/119225387/Campanha-Colecao-Disney-Mickey-Mouse-Maria-Dolores
2026-10-03;147797169;Identidade Visual | Incorpore;NO AR;1122;10466;24;https://www.behance.net/gallery/147797169/Identidade-Visual-Incorpore
2026-10-03;134283007;Site | DentalClean;NO AR;516;770;2;https://www.behance.net/gallery/134283007/Site-DentalClean
2026-10-03;93443827;Site | Fibercom;NO AR;1043;5384;6;https://www.behance.net/gallery/93443827/Site-Fibercom
2026-10-03;192515171;Campanha | Nova sede e Mudança Nome Sicredi Dexis;NO AR;628;2117;2;https://www.behance.net/gallery/192515171/Campanha-Nova-sede-e-Mudanca-Nome-Sicredi-Dexis
2026-10-03;46783405;Identidade Visual | Rick Rain;NO AR;930;2983;20;https://www.behance.net/gallery/46783405/Identidade-Visual-Rick-Rain
2026-10-03;93812009;Identidade Visual | Woodmaker;NO AR;760;2164;7;https://www.behance.net/gallery/93812009/Identidade-Visual-Woodmaker
2026-10-03;110833281;Campanha | Coleção Focus Maria Dolores;NO AR;677;2341;16;https://www.behance.net/gallery/110833281/Campanha-Colecao-Focus-Maria-Dolores
2026-10-03;110663911;Campanha | Liga da Justiça DentalClean;NO AR;586;799;1;https://www.behance.net/gallery/110663911/Campanha-Liga-da-Justica-DentalClean
2026-10-03;110771357;Campanha | Luto contra a Dengue;NO AR;778;4906;4;https://www.behance.net/gallery/110771357/Campanha-Luto-contra-a-Dengue
2026-10-03;103845357;Site | Cafés Capal;NO AR;710;3089;16;https://www.behance.net/gallery/103845357/Site-Cafs-Capal
2026-10-03;60138361;Identidade Visual | Siga Sistemas;NO AR;1010;3415;15;https://www.behance.net/gallery/60138361/Identidade-Visual-Siga-Sistemas
2026-10-03;110672055;Campanha | DetoxPro DentalClean;NO AR;417;671;1;https://www.behance.net/gallery/110672055/Campanha-DetoxPro-DentalClean
2026-10-03;134457183;Campanha | Coleção Disney Cruella Maria Dolores;NO AR;368;634;1;https://www.behance.net/gallery/134457183/Campanha-Colecao-Disney-Cruella-Maria-Dolores
2026-10-03;92818291;Campanha | Comprou Viajou DAF Barigui;NO AR;568;2205;2;https://www.behance.net/gallery/92818291/Campanha-Comprou-Viajou-DAF-Barigui
2026-10-03;110107767;Campanha | Sementes Castrolanda;NO AR;521;2475;1;https://www.behance.net/gallery/110107767/Campanha-Sementes-Castrolanda
2026-10-03;253542713;Allied Wealth Planners | Brand Identity;NO AR;72;189;3;https://www.behance.net/gallery/253542713/Allied-Wealth-Planners-Brand-Identity
2026-10-03;210699897;Zeus Power Supply | Brand Identity;NO AR;111;280;1;https://www.behance.net/gallery/210699897/Zeus-Power-Supply-Brand-Identity
2026-10-03;210699189;Everight | Logo and Visual Identity;NO AR;107;158;1;https://www.behance.net/gallery/210699189/Everight-Logo-and-Visual-Identity
2026-10-03;207917767;Move to Cleveland | Logo and Visual Identity;NO AR;100;161;1;https://www.behance.net/gallery/207917767/Move-to-Cleveland-Logo-and-Visual-Identity
2026-10-03;153114613;Oasis Systems | Logo and Visual Identity;NO AR;237;1583;9;https://www.behance.net/gallery/153114613/Oasis-Systems-Logo-and-Visual-Identity
2026-10-03;110740133;Campanha | Sua Saúde Importa Unimed Cascavel;NO AR;547;3754;1;https://www.behance.net/gallery/110740133/Campanha-Sua-Saude-Importa-Unimed-Cascavel
2026-10-03;103318985;Campanha Mustang Meeting;FORA DO AR;;;;https://www.behance.net/gallery/103318985/Campanha-Mustang-Meeting
2026-10-03;98673331;Anúncio | Fórmula Renault;NO AR;463;757;0;https://www.behance.net/gallery/98673331/Anuncio-Formula-Renault
2026-10-03;92764979;Campanha Ofertas de Carnaval Metronorte;FORA DO AR;;;;https://www.behance.net/gallery/92764979/Campanha-Ofertas-de-Carnaval-Metronorte
2026-10-03;210443467;Logofolio 3;NO AR;53;117;3;https://www.behance.net/gallery/210443467/Logofolio-3
2026-10-03;135828267;Clínica Veterinária Santa Clara | Social Media;NO AR;133;1218;1;https://www.behance.net/gallery/135828267/Clinica-Veterinaria-Santa-Clara-Social-Media
2026-10-03;210443355;Logofolio 2;NO AR;32;71;0;https://www.behance.net/gallery/210443355/Logofolio-2
2026-10-03;112122793;Av Hookah | Packaging;NO AR;88;372;1;https://www.behance.net/gallery/112122793/Av-Hookah-Packaging
2026-10-03;118060209;Logofolio;NO AR;77;479;0;https://www.behance.net/gallery/118060209/Logofolio
2026-10-03;104850953;Dogtor | Logo;NO AR;648;10829;16;https://www.behance.net/gallery/104850953/Dogtor-Logo
2026-10-03;111115327;Medclin | Logo;NO AR;178;3395;6;https://www.behance.net/gallery/111115327/Medclin-Logo
2026-10-03;103376451;Entrepôt | Logo;NO AR;209;3260;8;https://www.behance.net/gallery/103376451/Entrepot-Logo
2026-10-03;55857673;Alcateia Systems | Logo;NO AR;116;1035;6;https://www.behance.net/gallery/55857673/Alcateia-Systems-Logo
2026-10-03;106530879;Café Du Coin | Graphic Design;NO AR;81;700;1;https://www.behance.net/gallery/106530879/Caf-Du-Coin-Graphic-Design
2026-10-03;103759053;Amanda Schumacher | Logo;NO AR;85;724;0;https://www.behance.net/gallery/103759053/Amanda-Schumacher-Logo
2026-10-03;61165757;Café Du Coin | Stay Tuned;NO AR;54;287;0;https://www.behance.net/gallery/61165757/Caf-Du-Coin-Stay-Tuned
2026-10-03;103382015;Café du Coin | Graphic Design;NO AR;70;389;2;https://www.behance.net/gallery/103382015/Caf-du-Coin-Graphic-Design
2026-10-03;74438445;Innove Odonto | Campanha Online;NO AR;134;1247;6;https://www.behance.net/gallery/74438445/Innove-Odonto-Campanha-Online
2026-10-03;46819127;Hyundai Vetor | Social Media - 2016;NO AR;53;318;1;https://www.behance.net/gallery/46819127/Hyundai-Vetor-Social-Media-2016
