data;perfil;seguidores;visualizacoes;avaliacoes;seguindo
2026-09-28;marcelotrevizan;1128;105574;25759;719
2026-09-28;jesskkuhn;428;38857;4844;729
2026-09-29;marcelotrevizan;1128;105840;25948;719
2026-09-29;jesskkuhn;428;39011;4917;729
2026-09-30;marcelotrevizan;1128;106000;26059;719
2026-09-30;jesskkuhn;428;39094;4964;729
2026-10-01;marcelotrevizan;1128;106094;26128;719
2026-10-01;jesskkuhn;428;39138;5008;729
2026-10-02;marcelotrevizan;1128;106125;26146;719
2026-10-02;jesskkuhn;428;39147;5016;729
